overtone,Dfreq_mean,Dfreq_std_dev,Dfreq_median,range_used,data_source
fundamental_freq,-5.1725557998649442E+01,1.0583203474301356E-01,-5.1718712435103953E+01,y,qcmi_sample
3rd_freq,-1.3229170200240202E+02,5.0277038359422122E-01,-1.3232599908206612E+02,y,qcmi_sample
5th_freq,-2.0546175826887151E+02,8.4007363273634639E-01,-2.0559633464924991E+02,y,qcmi_sample
7th_freq,-2.7763345548862151E+02,1.6723929999296392E+00,-2.7771078876405954E+02,y,qcmi_sample
9th_freq,-3.5216013446973449E+02,3.0014114627832673E+00,-3.5230991086736321E+02,y,qcmi_sample
11th_freq,-4.1575269532844089E+02,3.4850956015514094E+00,-4.1559431147575378E+02,y,qcmi_sample
13th_freq,0.0000000000000000E+00,0.0000000000000000E+00,0.0000000000000000E+00,y,qcmi_sample
