,dis_mean,dis_std_dev,dis_median
fundamental_dis,-17.930739804783332,52.319793890308425,-40.5908982630274
3rd_dis,5.612593923517741,19.372576354843936,-3.528588089329876
5th_dis,95.76324003060562,54.57587557827095,110.52397022332481
7th_dis,107.92383838024276,38.421705323133246,117.96199255583156
9th_dis,170.0723364434836,30.67178562588968,165.3517518610424
