overtone,Ddis_mean,Ddis_std_dev,Ddis_median,range_used,data_source
fundamental_dis,7.2212971006705908E-06,5.6890934707403492E-08,7.2203536584666632E-06,y,qcmi_sample
3rd_dis,4.6708171825756589E-06,4.3431498926117211E-08,4.6705777664166807E-06,y,qcmi_sample
5th_dis,4.2221031491679582E-06,4.8500134624355543E-08,4.2209661280999768E-06,y,qcmi_sample
7th_dis,3.4970310872584314E-06,8.1839453015978758E-08,3.4976740169000023E-06,y,qcmi_sample
9th_dis,3.0347139704041940E-06,1.5927420364193956E-07,3.0330129595722746E-06,y,qcmi_sample
11th_dis,3.0300963585928965E-06,1.4251824626097898E-07,3.0386280211425979E-06,y,qcmi_sample
13th_dis,0.0000000000000000E+00,0.0000000000000000E+00,0.0000000000000000E+00,y,qcmi_sample
