overtone,Ddis_mean,Ddis_std_dev,Ddis_median,range_used,data_source
fundamental_dis,7.2022605748331416E-06,4.9077907556873981E-08,7.2112613467166433E-06,y,qcmi_sample
3rd_dis,4.6665405905688692E-06,3.8297260882226325E-08,4.6640007231666791E-06,y,qcmi_sample
5th_dis,4.2341519662571241E-06,4.3832113071656563E-08,4.2317380725999929E-06,y,qcmi_sample
7th_dis,3.5073900711978069E-06,8.4984941500623353E-08,3.5072679445999984E-06,y,qcmi_sample
9th_dis,3.0077823041800847E-06,1.5634766484993590E-07,3.0006705904820746E-06,y,qcmi_sample
11th_dis,3.0200354852471890E-06,1.6174192732929570E-07,3.0245919874450435E-06,y,qcmi_sample
13th_dis,0.0000000000000000E+00,0.0000000000000000E+00,0.0000000000000000E+00,y,qcmi_sample
