,freq_mean,freq_std_dev,freq_median,range_used
fundamental_freq,-1.4597496232425011,4.496895856452679,-0.16950372140854597,base
3rd_freq,-107.59886303367958,4.070871978471964,-109.15435483679175,base
5th_freq,-89.42989599628405,3.5683788020164675,-89.1446774173528,base
7th_freq,-131.8932317749806,5.128385640580092,-129.72722084447742,base
9th_freq,-168.87990575853755,7.4659933217047945,-166.5848511122167,base
