,dis_mean,dis_std_dev,dis_median,range_used
fundamental_dis,-61.31325521840802,14.150404677393512,-64.88489826302762,1
3rd_dis,-2.8384568557344307,9.61915560045252,-7.334588089330171,1
5th_dis,119.50689673251145,13.122071039961693,120.45797022332532,1
7th_dis,127.69212378942744,10.34122183232731,128.3549925558316,1
9th_dis,189.2220117035622,25.481117843606853,183.10575186104242,1
