,dis_mean,dis_std_dev,dis_median,range_used
fundamental_dis,-51.362534246291034,25.88775576882154,-57.080398263027526,1
3rd_dis,5.461081366736713,25.418818715156775,-2.091588089330344,1
5th_dis,117.34822963755104,16.10618975987927,116.98447022332522,1
7th_dis,138.11036075666843,33.98388259459683,129.14149255583135,1
9th_dis,206.661496630917,64.53408531543398,185.53525186104258,1
