,freq_mean,freq_std_dev,Dfreq_mean,Dfreq_std_dev,Dfreq_median,range_used
fundamental_freq,4960661.414631337,9.65941437948234,-5.454872385206019,9.65941437948234,-1.8995037218555808,1
3rd_freq,14868843.067788018,4.554900100171424,-108.87156681851634,4.554900100171424,-109.93935483694077,1
5th_freq,24777631.450115204,9.339686356179536,-93.41956220967224,9.339686356179536,-90.94967741705477,1
7th_freq,34684962.14271889,17.864461928153773,-139.5945019520613,17.864461928153773,-133.87222084775567,1
9th_freq,44592968.72861751,24.487007350211776,-179.49123360223484,24.487007350211776,-168.08985111117363,1
