overtone,Dfreq_mean,Dfreq_std_dev,Dfreq_median,range_used,data_source
fundamental_freq,-5.1790237059223131E+01,8.8337430131485484E-02,-5.1792993459850550E+01,y,qcmi_sample
3rd_freq,-1.3273056286737159E+02,2.5790050639657491E-01,-1.3271566248312593E+02,y,qcmi_sample
5th_freq,-2.0612596230397185E+02,4.5720010719488607E-01,-2.0617143189907074E+02,y,qcmi_sample
7th_freq,-2.7884641897514626E+02,1.1195095597982447E+00,-2.7874933976680040E+02,y,qcmi_sample
9th_freq,-3.5332655517249316E+02,2.3572268998992643E+00,-3.5314184771478176E+02,y,qcmi_sample
11th_freq,-4.1822855460856641E+02,2.7239421350994553E+00,-4.1848680982738733E+02,y,qcmi_sample
13th_freq,0.0000000000000000E+00,0.0000000000000000E+00,0.0000000000000000E+00,y,qcmi_sample
