,freq_mean,freq_std_dev,freq_median,range_used
fundamental_freq,-3.431003721607359,6.732563335448444,-0.8345037219114602,1
3rd_freq,-108.28259167906975,4.100346814165791,-109.76935483701527,1
5th_freq,-91.19930899599076,5.001904834112669,-90.46467741578817,1
7th_freq,-135.262484003976,10.146879462532352,-132.9072208441794,1
9th_freq,-173.66316690323384,14.466009345201908,-167.86985111236572,1
