overtone,Ddis_mean,Ddis_std_dev,Ddis_median,range_used,data_source
fundamental_dis,7.2211129061065434E-06,5.5649524015238327E-08,7.2212954536511186E-06,y,qcmi_sample
3rd_dis,4.6640446705279092E-06,4.1629160549501222E-08,4.6646122416442177E-06,y,qcmi_sample
5th_dis,4.2306179859070750E-06,4.8970772761512897E-08,4.2313657538837031E-06,y,qcmi_sample
7th_dis,3.4846482705129640E-06,7.9461354568817273E-08,3.4850495403488313E-06,y,qcmi_sample
9th_dis,2.9938544629109115E-06,1.5713871111513277E-07,2.9899028620678316E-06,y,qcmi_sample
11th_dis,3.0652712182697636E-06,1.4402197315928960E-07,3.0730267734704943E-06,y,qcmi_sample
13th_dis,0.0000000000000000E+00,0.0000000000000000E+00,0.0000000000000000E+00,y,qcmi_sample
