overtone,Dfreq_mean,Dfreq_std_dev,Dfreq_median,range_used,data_source
fundamental_freq,-5.1753028607692805E+01,1.0059043124625840E-01,-5.1747122111730278E+01,y,qcmi_sample
3rd_freq,-1.3216352663557794E+02,4.4140390918049799E-01,-1.3214845202490687E+02,y,qcmi_sample
5th_freq,-2.0545239664567308E+02,7.3270137122651657E-01,-2.0551980857551098E+02,y,qcmi_sample
7th_freq,-2.7809812224567770E+02,1.4440618018448304E+00,-2.7810285875946283E+02,y,qcmi_sample
9th_freq,-3.5224391906677215E+02,2.8843769195487980E+00,-3.5236814605444670E+02,y,qcmi_sample
11th_freq,-4.1596447927598564E+02,3.2420992397224850E+00,-4.1588171767443419E+02,y,qcmi_sample
13th_freq,0.0000000000000000E+00,0.0000000000000000E+00,0.0000000000000000E+00,y,qcmi_sample
