overtone,Dfreq_mean,Dfreq_std_dev,Dfreq_median,range_used,data_source
fundamental_freq,-5.1776406576502666E+01,1.0985551220839898E-01,-5.1765271876472980E+01,y,qcmi_sample
3rd_freq,-1.3228309607292201E+02,4.9276755908194692E-01,-1.3233311857562512E+02,y,qcmi_sample
5th_freq,-2.0562045110482723E+02,7.9761451407341044E-01,-2.0574360537715256E+02,y,qcmi_sample
7th_freq,-2.7844864317013520E+02,1.6037504069065562E+00,-2.7850859566032887E+02,y,qcmi_sample
9th_freq,-3.5266891157218134E+02,2.9936391768492743E+00,-3.5266331119835377E+02,y,qcmi_sample
11th_freq,-4.1677502046217739E+02,3.4866407106334609E+00,-4.1686074057221413E+02,y,qcmi_sample
13th_freq,0.0000000000000000E+00,0.0000000000000000E+00,0.0000000000000000E+00,y,qcmi_sample
