overtone,Ddis_mean,Ddis_std_dev,Ddis_median,range_used,data_source
fundamental_dis,1.8801264361074707E-06,5.6076268060595034E-08,1.8796610117511269E-06,y,qcmi_sample
3rd_dis,1.7060889830147579E-06,4.0341826199267051E-08,1.7049877880441996E-06,y,qcmi_sample
5th_dis,1.9076799856542517E-06,5.1565540410089406E-08,1.9109225358837178E-06,y,qcmi_sample
7th_dis,1.6647883381088335E-06,9.3328598919777764E-08,1.6663390136488393E-06,y,qcmi_sample
9th_dis,1.5341817531606144E-06,1.4757720047330174E-07,1.5393432852343317E-06,y,qcmi_sample
11th_dis,1.7392044709860316E-06,1.5017247400331788E-07,1.7429728260642368E-06,y,qcmi_sample
13th_dis,0.0000000000000000E+00,0.0000000000000000E+00,0.0000000000000000E+00,y,qcmi_sample
