,freq_mean,freq_std_dev,freq_median,range_used
fundamental_freq,-5.869016995948154,10.47044731708774,-1.6895037214271724,1
3rd_freq,-108.95656722632394,4.910338174705836,-109.91435483749956,1
5th_freq,-93.65896945243982,10.216143044329025,-90.85967741720378,1
7th_freq,-140.3325084567037,19.415197157742295,-133.7522208467126,1
9th_freq,-180.56363429963193,26.943547860581194,-168.0798511132598,1
