overtone,Dfreq_mean,Dfreq_std_dev,Dfreq_median,range_used,data_source
fundamental_freq,-5.1698604753761927E+01,1.0648815735906077E-01,-5.1690444647800177E+01,y,qcmi_sample
3rd_freq,-1.3223502417143877E+02,5.5702365924941566E-01,-1.3225055793486536E+02,y,qcmi_sample
5th_freq,-2.0562589302369494E+02,8.9758687859314312E-01,-2.0575679393112659E+02,y,qcmi_sample
7th_freq,-2.7725909379342255E+02,1.8136886125677931E+00,-2.7738114331290126E+02,y,qcmi_sample
9th_freq,-3.5212732449963244E+02,3.0634071391060069E+00,-3.5219038733467460E+02,y,qcmi_sample
11th_freq,-4.1660041061043739E+02,3.6927011403197052E+00,-4.1654071801900864E+02,y,qcmi_sample
13th_freq,0.0000000000000000E+00,0.0000000000000000E+00,0.0000000000000000E+00,y,qcmi_sample
