overtone,Dfreq_mean,Dfreq_std_dev,Dfreq_median,range_used,data_source
fundamental_freq,0.0000000000000000E+00,0.0000000000000000E+00,0.0000000000000000E+00,x,qcmi_sample
3rd_freq,-1.3835632075516546E+02,1.9558737953391528E+01,-1.3271625137701631E+02,x,qcmi_sample
5th_freq,-2.2047871840409152E+02,3.3161703439204274E+01,-2.0646691263839602E+02,x,qcmi_sample
7th_freq,0.0000000000000000E+00,0.0000000000000000E+00,0.0000000000000000E+00,x,qcmi_sample
9th_freq,0.0000000000000000E+00,0.0000000000000000E+00,0.0000000000000000E+00,x,qcmi_sample
11th_freq,0.0000000000000000E+00,0.0000000000000000E+00,0.0000000000000000E+00,x,qcmi_sample
13th_freq,0.0000000000000000E+00,0.0000000000000000E+00,0.0000000000000000E+00,x,qcmi_sample
