overtone,Dfreq_mean,Dfreq_std_dev,Dfreq_median,range_used,data_source
fundamental_freq,-4.8689999471675200E+01,6.0091775607701523E+00,-5.1659176988061517E+01,x,qcmi_sample
3rd_freq,-1.3018995457769645E+02,1.5462507808109782E+01,-1.3197050087712705E+02,x,qcmi_sample
5th_freq,-2.0608417445377827E+02,2.5424553202830957E+01,-2.0531534023769200E+02,x,qcmi_sample
7th_freq,-2.8138289608249693E+02,3.5576296361640814E+01,-2.7779468555748463E+02,x,qcmi_sample
9th_freq,-3.5724344043998809E+02,4.5029331668292286E+01,-3.5097463345155120E+02,x,qcmi_sample
11th_freq,-4.2724706001255913E+02,5.8966136275822585E+01,-4.1560322699695826E+02,x,qcmi_sample
13th_freq,0.0000000000000000E+00,0.0000000000000000E+00,0.0000000000000000E+00,x,qcmi_sample
