overtone,freq_range,Dfreq_mean,Dfreq_std_dev,Dfreq_median,range_used,data_source
fundamental_freq,16:50:32-17:02:09,1.8909631467443200E+00,1.6009201808990130E+00,1.8249042145907879E+00,x,sample2.csv
fundamental_freq,17:07:15-17:12:47,9.2789190848181402E+00,9.6526565473851855E-01,9.0849042152985930E+00,y,sample2.csv
