,Ddis_mean,Ddis_std_dev,Ddis_median,range_used
fundamental_dis,-59.89653948440148,15.802974751239917,-64.0448982630274,1
3rd_dis,-3.14134635905033,9.36233694729015,-7.588588089330051,1
5th_dis,119.1733340910096,13.056715008829707,119.90397022332549,1
7th_dis,127.05926736499194,10.20415463936745,127.46799255583183,1
9th_dis,187.39621242083894,26.04845149244572,181.63175186104286,1
