overtone,Dfreq_mean,Dfreq_std_dev,Dfreq_median,range_used,data_source
fundamental_freq,-5.1741592283837790E+01,1.1900837579292117E-01,-5.1726723429746926E+01,x,qcmi_sample
3rd_freq,-1.3220576410934220E+02,5.4417516768657459E-01,-1.3223082968220115E+02,x,qcmi_sample
5th_freq,-2.0531409400839158E+02,8.9663153589575206E-01,-2.0537818259745836E+02,x,qcmi_sample
7th_freq,-2.7732790648305945E+02,1.8348988803975665E+00,-2.7748066506534815E+02,x,qcmi_sample
9th_freq,-3.5179249982418389E+02,3.1278938255653306E+00,-3.5203681671619415E+02,x,qcmi_sample
11th_freq,-4.1535192380188573E+02,3.6361187887604123E+00,-4.1539553302526474E+02,x,qcmi_sample
13th_freq,0.0000000000000000E+00,0.0000000000000000E+00,0.0000000000000000E+00,x,qcmi_sample
