overtone,Ddis_mean,Ddis_std_dev,Ddis_median,range_used,data_source
fundamental_dis,4.4111044536861881E-06,2.5300405902534903E-06,3.2537461186830496E-06,x,qcmi_sample
3rd_dis,3.1522546944035681E-06,1.3757114607390833E-06,2.8210603021853835E-06,x,qcmi_sample
5th_dis,2.9931816589565375E-06,1.1047797430580729E-06,2.5260640440707423E-06,x,qcmi_sample
7th_dis,2.5965314929076351E-06,8.4466752388535597E-07,2.4448570468422941E-06,x,qcmi_sample
9th_dis,2.3035759877644660E-06,6.7633285852255449E-07,2.2823377876304772E-06,x,qcmi_sample
11th_dis,2.4022438114188750E-06,6.2801324657279602E-07,2.3225028996934081E-06,x,qcmi_sample
13th_dis,0.0000000000000000E+00,0.0000000000000000E+00,0.0000000000000000E+00,x,qcmi_sample
