overtone,Ddis_mean,Ddis_std_dev,Ddis_median,range_used,data_source
fundamental_dis,7.2368208576087775E-06,7.1492521921887657E-08,7.2284075599166617E-06,x,qcmi_sample
3rd_dis,4.6781475299991830E-06,4.6936143671708946E-08,4.6791596137666757E-06,x,qcmi_sample
5th_dis,4.2216952885142663E-06,4.8704281034264479E-08,4.2210032749999806E-06,x,qcmi_sample
7th_dis,3.4947717782970493E-06,8.5038319441702935E-08,3.4972490013000042E-06,x,qcmi_sample
9th_dis,3.0388379023560144E-06,1.6429183752850159E-07,3.0319742711632761E-06,x,qcmi_sample
11th_dis,3.0346457979516984E-06,1.3969501041320529E-07,3.0418793890641451E-06,x,qcmi_sample
13th_dis,0.0000000000000000E+00,0.0000000000000000E+00,0.0000000000000000E+00,x,qcmi_sample
