overtone,Ddis_mean,Ddis_std_dev,Ddis_median,range_used,data_source
fundamental_dis,0.0000000000000000E+00,0.0000000000000000E+00,0.0000000000000000E+00,x,qcmi_sample
3rd_dis,3.0430146284794419E-06,1.2045683166504710E-06,2.7640244704353785E-06,x,qcmi_sample
5th_dis,2.8584671391392740E-06,9.8604453193363172E-07,2.5035219665707411E-06,x,qcmi_sample
7th_dis,0.0000000000000000E+00,0.0000000000000000E+00,0.0000000000000000E+00,x,qcmi_sample
9th_dis,0.0000000000000000E+00,0.0000000000000000E+00,0.0000000000000000E+00,x,qcmi_sample
11th_dis,0.0000000000000000E+00,0.0000000000000000E+00,0.0000000000000000E+00,x,qcmi_sample
13th_dis,0.0000000000000000E+00,0.0000000000000000E+00,0.0000000000000000E+00,x,qcmi_sample
