overtone,Ddis_mean,Ddis_std_dev,Ddis_median,range_used,data_source
fundamental_dis,7.2280895174669916E-06,6.4261632499220770E-08,7.2238279630333342E-06,y,qcmi_sample
3rd_dis,4.6832701705785435E-06,4.4096157467294340E-08,4.6848228300666670E-06,y,qcmi_sample
5th_dis,4.2098357919138561E-06,4.8293125535207374E-08,4.2103428476000028E-06,y,qcmi_sample
7th_dis,3.4963485570356429E-06,8.3503485084720092E-08,3.4980870799499939E-06,y,qcmi_sample
9th_dis,3.0385363170750286E-06,1.6219370633409925E-07,3.0333641700807043E-06,y,qcmi_sample
11th_dis,2.9970764128518895E-06,1.3949060825924007E-07,3.0045900585659054E-06,y,qcmi_sample
13th_dis,0.0000000000000000E+00,0.0000000000000000E+00,0.0000000000000000E+00,y,qcmi_sample
