overtone,Dfreq_mean,Dfreq_std_dev,Dfreq_median,range_used,data_source
fundamental_freq,-4.1446154112653296E+01,6.5985511345870040E-01,-4.1250021131709218E+01,y,qcmi_sample
3rd_freq,-1.1564982668808238E+02,1.3880876874162540E+00,-1.1528097122535110E+02,y,qcmi_sample
5th_freq,-1.8478571562296966E+02,2.3664634547382213E+00,-1.8404252207651734E+02,y,qcmi_sample
7th_freq,-2.5404386756409298E+02,2.9748761366669521E+00,-2.5334225185960531E+02,y,qcmi_sample
9th_freq,-3.2305324522484432E+02,4.4945832144609863E+00,-3.2268022975325584E+02,y,qcmi_sample
11th_freq,-3.8527089861872520E+02,5.8788479340363642E+00,-3.8463443217426538E+02,y,qcmi_sample
13th_freq,0.0000000000000000E+00,0.0000000000000000E+00,0.0000000000000000E+00,y,qcmi_sample
