overtone,Ddis_mean,Ddis_std_dev,Ddis_median,range_used,data_source
fundamental_dis,7.2230774867196386E-06,5.3101441297695822E-08,7.2221434652511057E-06,y,qcmi_sample
3rd_dis,4.6639895996421160E-06,4.2702114723489490E-08,4.6638199118442217E-06,y,qcmi_sample
5th_dis,4.2238552458011878E-06,4.8844493465603892E-08,4.2247486808837204E-06,y,qcmi_sample
7th_dis,3.4806868084628205E-06,7.8070587282859356E-08,3.4815597026488281E-06,y,qcmi_sample
9th_dis,3.0034471659893982E-06,1.5468834300843956E-07,3.0063808924421303E-06,y,qcmi_sample
11th_dis,3.0681951554905541E-06,1.3377339980473419E-07,3.0797932657240389E-06,y,qcmi_sample
13th_dis,0.0000000000000000E+00,0.0000000000000000E+00,0.0000000000000000E+00,y,qcmi_sample
