overtone,Dm_mean,Dm_std_dev,Dm_median,range_used,data_source
1,9.1644239640409717E+02,1.9444425660886611E+00,9.1624531221357165E+02,y,qcmi_sample
3,7.8047026683023989E+02,2.9073285985834896E+00,7.8076539959618822E+02,y,qcmi_sample
5,7.2789639691108835E+02,2.8235553798198718E+00,7.2833236303512012E+02,y,qcmi_sample
7,7.0407728344448458E+02,4.0551974574637235E+00,7.0422887759826017E+02,y,qcmi_sample
9,6.9358219275862325E+02,5.8874903811369004E+00,6.9357117869009585E+02,y,qcmi_sample
11,6.7062889656186724E+02,5.6103218707465707E+00,6.7076682801165362E+02,y,qcmi_sample
