overtone,Dm_mean,Dm_std_dev,Dm_median,range_used,data_source
1,9.1582618342392880E+02,2.1064482515347041E+00,9.1556300470652059E+02,x,qcmi_sample
3,7.8001400824511893E+02,3.2106334893507937E+00,7.8016189512498681E+02,x,qcmi_sample
5,7.2681189278970623E+02,3.1740756370709682E+00,7.2703876639500265E+02,x,qcmi_sample
7,7.0124342067859322E+02,4.6396728832909879E+00,7.0162968166523740E+02,x,qcmi_sample
9,6.9185858298756159E+02,6.1515245236118110E+00,6.9233907287518173E+02,x,qcmi_sample
11,6.6833900466303430E+02,5.8508456873690218E+00,6.6840917586792591E+02,x,qcmi_sample
