overtone,Dm_mean,Dm_std_dev,Dm_median,range_used,data_source
1,9.1506530414158613E+02,1.8848403852553774E+00,9.1492087026606305E+02,y,qcmi_sample
3,7.8018664261148876E+02,3.2864395895715495E+00,7.8027829181570564E+02,y,qcmi_sample
5,7.2791566130388003E+02,3.1774575502197226E+00,7.2837905051618816E+02,y,qcmi_sample
7,7.0106942287765412E+02,4.5860412060642748E+00,7.0137803380547894E+02,y,qcmi_sample
9,6.9251707151594383E+02,6.0247007069084804E+00,6.9264109509152672E+02,y,qcmi_sample
11,6.7034793343679462E+02,5.9418918348780654E+00,6.7025188263058658E+02,y,qcmi_sample
