overtone,Dm_mean,Dm_std_dev,Dm_median,range_used,data_source
1,7.3359692779396346E+02,1.1679435508219001E+01,7.3012537403125316E+02,y,qcmi_sample
3,6.8233397745968603E+02,8.1897173557558975E+00,6.8015773022957148E+02,y,qcmi_sample
5,6.5414143330531260E+02,8.3772806297733009E+00,6.5151052815087132E+02,y,qcmi_sample
7,6.4236806512634939E+02,7.5221868027150043E+00,6.4059397970214479E+02,y,qcmi_sample
9,6.3533804894219384E+02,8.8393469884399423E+00,6.3460445184806974E+02,y,qcmi_sample
11,6.1993590050467606E+02,9.4596007665857833E+00,6.1891176813495429E+02,y,qcmi_sample
