overtone,Dm_mean,Dm_std_dev,Dm_median,range_used,data_source
1,9.1602860635616264E+02,1.7804506330587708E+00,9.1592406137762589E+02,y,qcmi_sample
3,7.7976480714990998E+02,2.6042830641649402E+00,7.7967586694695058E+02,y,qcmi_sample
5,7.2730148412568280E+02,2.5937628541418660E+00,7.2754012235730886E+02,y,qcmi_sample
7,7.0319096624978499E+02,3.6514134132362144E+00,7.0320294286321314E+02,y,qcmi_sample
9,6.9274637416465202E+02,5.6726079417792947E+00,6.9299068724041183E+02,y,qcmi_sample
11,6.6932466210772213E+02,5.2168324130080030E+00,6.6919149116704409E+02,y,qcmi_sample
